{
    "loss": 3.3357808589935303,
    "accuracy": 0.6666666865348816
}